window,n,r,ci_lo,ci_hi,d,or_adj_1sg,contrast
2019,108446,0.478774209198793,0.474173664373642,0.483348609758965,1.09710762929414,3.53645945697839,vs topical subreddits (confounded)
2018,77165,0.493760451880443,0.488406286056274,0.49907744134266,1.1423038966867,3.80685577991546,vs topical subreddits (confounded)
post,119847,0.496322018375969,0.492043086228999,0.500576970720248,1.14504557199071,3.67257294486799,vs topical subreddits (confounded)
2019,87191,0.212555064661741,0.206208361572383,0.218883884326339,0.437664745579416,1.57201045019542,vs other mental-health subreddits (genre-matched)
2018,55627,0.224387346900045,0.21648090139791,0.232264361230077,0.474017440217444,1.63066862988785,vs other mental-health subreddits (genre-matched)
post,113333,0.223396811918988,0.217858180443891,0.228921054888349,0.461383188838805,1.60984941002349,vs other mental-health subreddits (genre-matched)
2019,77440,0.224778484674222,0.218080593096335,0.231455202272562,0.464939229878032,1.61861683294487,"genre-matched, cross-arm authors removed"
2018,49752,0.237938677293841,0.2296317051302,0.246210985714195,0.507225402574837,1.69159737571227,"genre-matched, cross-arm authors removed"
post,101822,0.235393264810839,0.229582946278826,0.241186805940653,0.488476525193601,1.65865100470062,"genre-matched, cross-arm authors removed"
